SessionID,ProfileName,IsOptimized,Timestamp,EventType,Payload
16,Optimized ,True,0,ui_mode_change,"{""mode"": ""Wrist_Diegetic""}"
16,Optimized ,True,0,ui_mode_change,"{""mode"": ""Wrist_Diegetic""}"
16,Optimized ,True,0.182642,head_tracking,"{""input_type"": ""Controller"",""h"": ""31.75,2.30,7.36"",""l"": ""31.75,2.30,7.36"",""r"": ""31.75,2.30,7.36""}"
16,Optimized ,True,0.3878179,head_tracking,"{""input_type"": ""Controller"",""h"": ""31.75,2.30,7.36"",""l"": ""31.75,2.30,7.36"",""r"": ""31.75,2.30,7.36""}"
16,Optimized ,True,0.5881011,head_tracking,"{""input_type"": ""Controller"",""h"": ""31.75,2.30,7.36"",""l"": ""31.75,2.30,7.36"",""r"": ""31.75,2.30,7.36""}"
16,Optimized ,True,0.7889621,head_tracking,"{""input_type"": ""Controller"",""h"": ""31.75,2.30,7.36"",""l"": ""31.75,2.30,7.36"",""r"": ""31.75,2.30,7.36""}"
16,Optimized ,True,0.9890637,head_tracking,"{""input_type"": ""Controller"",""h"": ""31.75,2.30,7.36"",""l"": ""31.75,2.30,7.36"",""r"": ""31.75,2.30,7.36""}"
16,Optimized ,True,1.000505,gaze_sample,"{""target"": ""room-large-variation""}"
16,Optimized ,True,1.100872,gaze_sample,"{""target"": ""room-large-variation""}"
16,Optimized ,True,1.19128,head_tracking,"{""input_type"": ""Controller"",""h"": ""31.75,2.30,7.36"",""l"": ""31.75,2.30,7.36"",""r"": ""31.75,2.30,7.36""}"
16,Optimized ,True,1.20606,gaze_sample,"{""target"": ""room-large-variation""}"
16,Optimized ,True,1.306536,gaze_sample,"{""target"": ""room-large-variation""}"
16,Optimized ,True,1.392092,head_tracking,"{""input_type"": ""Controller"",""h"": ""31.75,2.30,7.36"",""l"": ""31.75,2.30,7.36"",""r"": ""31.75,2.30,7.36""}"
16,Optimized ,True,1.406962,gaze_sample,"{""target"": ""room-large-variation""}"
16,Optimized ,True,1.510684,gaze_sample,"{""target"": ""room-large-variation""}"
16,Optimized ,True,1.595729,head_tracking,"{""input_type"": ""Controller"",""h"": ""31.75,2.30,7.36"",""l"": ""31.75,2.30,7.36"",""r"": ""31.75,2.30,7.36""}"
16,Optimized ,True,1.611971,gaze_sample,"{""target"": ""room-large-variation""}"
16,Optimized ,True,1.712805,gaze_sample,"{""target"": ""room-large-variation""}"
16,Optimized ,True,1.79684,head_tracking,"{""input_type"": ""Controller"",""h"": ""31.75,2.30,7.36"",""l"": ""31.75,2.30,7.36"",""r"": ""31.75,2.30,7.36""}"
16,Optimized ,True,1.816521,gaze_sample,"{""target"": ""room-large-variation""}"
16,Optimized ,True,1.91782,gaze_sample,"{""target"": ""room-large-variation""}"
16,Optimized ,True,1.99714,head_tracking,"{""input_type"": ""Controller"",""h"": ""31.75,2.30,7.36"",""l"": ""31.75,2.30,7.36"",""r"": ""31.75,2.30,7.36""}"
16,Optimized ,True,2.024564,gaze_sample,"{""target"": ""room-large-variation""}"
16,Optimized ,True,2.124798,gaze_sample,"{""target"": ""room-large-variation""}"
16,Optimized ,True,2.197353,head_tracking,"{""input_type"": ""Controller"",""h"": ""31.75,2.30,7.36"",""l"": ""31.75,2.30,7.36"",""r"": ""31.75,2.30,7.36""}"
16,Optimized ,True,2.225034,gaze_sample,"{""target"": ""room-large-variation""}"
16,Optimized ,True,2.33046,gaze_sample,"{""target"": ""room-large-variation""}"
16,Optimized ,True,2.400142,head_tracking,"{""input_type"": ""Controller"",""h"": ""31.75,2.30,7.36"",""l"": ""31.75,2.30,7.36"",""r"": ""31.75,2.30,7.36""}"
16,Optimized ,True,2.433495,gaze_sample,"{""target"": ""room-large-variation""}"
16,Optimized ,True,2.538671,gaze_sample,"{""target"": ""room-large-variation""}"
16,Optimized ,True,2.602317,head_tracking,"{""input_type"": ""Controller"",""h"": ""31.75,2.30,7.36"",""l"": ""31.75,2.30,7.36"",""r"": ""31.75,2.30,7.36""}"
16,Optimized ,True,2.63915,gaze_sample,"{""target"": ""room-large-variation""}"
16,Optimized ,True,2.740649,gaze_sample,"{""target"": ""room-large-variation""}"
16,Optimized ,True,2.804963,head_tracking,"{""input_type"": ""Controller"",""h"": ""31.75,2.30,7.36"",""l"": ""31.75,2.30,7.36"",""r"": ""31.75,2.30,7.36""}"
16,Optimized ,True,2.844617,gaze_sample,"{""target"": ""room-large-variation""}"
16,Optimized ,True,2.947622,gaze_sample,"{""target"": ""room-large-variation""}"
16,Optimized ,True,3.011312,head_tracking,"{""input_type"": ""Controller"",""h"": ""31.75,2.30,7.36"",""l"": ""31.75,2.30,7.36"",""r"": ""31.75,2.30,7.36""}"
16,Optimized ,True,3.051481,gaze_sample,"{""target"": ""room-large-variation""}"
16,Optimized ,True,3.152439,gaze_sample,"{""target"": ""room-large-variation""}"
16,Optimized ,True,3.211733,head_tracking,"{""input_type"": ""Controller"",""h"": ""31.75,2.30,7.36"",""l"": ""31.75,2.30,7.36"",""r"": ""31.75,2.30,7.36""}"
16,Optimized ,True,3.253309,gaze_sample,"{""target"": ""room-large-variation""}"
16,Optimized ,True,3.353344,gaze_sample,"{""target"": ""room-large-variation""}"
16,Optimized ,True,3.414419,head_tracking,"{""input_type"": ""Controller"",""h"": ""31.75,2.30,7.36"",""l"": ""31.75,2.30,7.36"",""r"": ""31.75,2.30,7.36""}"
16,Optimized ,True,3.455067,gaze_sample,"{""target"": ""room-large-variation""}"
16,Optimized ,True,3.556341,gaze_sample,"{""target"": ""room-large-variation""}"
16,Optimized ,True,3.616051,head_tracking,"{""input_type"": ""Controller"",""h"": ""31.75,2.30,7.36"",""l"": ""31.75,2.30,7.36"",""r"": ""31.75,2.30,7.36""}"
16,Optimized ,True,3.656455,gaze_sample,"{""target"": ""room-large-variation""}"
16,Optimized ,True,3.760943,gaze_sample,"{""target"": ""room-large-variation""}"
16,Optimized ,True,3.817146,head_tracking,"{""input_type"": ""Controller"",""h"": ""31.75,2.30,7.36"",""l"": ""31.75,2.30,7.36"",""r"": ""31.75,2.30,7.36""}"
16,Optimized ,True,3.86161,gaze_sample,"{""target"": ""room-large-variation""}"
16,Optimized ,True,3.969114,gaze_sample,"{""target"": ""room-large-variation""}"
16,Optimized ,True,4.017762,head_tracking,"{""input_type"": ""Controller"",""h"": ""31.75,2.30,7.36"",""l"": ""31.75,2.30,7.36"",""r"": ""31.75,2.30,7.36""}"
16,Optimized ,True,4.070263,gaze_sample,"{""target"": ""room-large-variation""}"
16,Optimized ,True,4.170377,gaze_sample,"{""target"": ""room-large-variation""}"
16,Optimized ,True,4.219446,head_tracking,"{""input_type"": ""Controller"",""h"": ""31.75,2.30,7.36"",""l"": ""31.75,2.30,7.36"",""r"": ""31.75,2.30,7.36""}"
16,Optimized ,True,4.275563,gaze_sample,"{""target"": ""room-large-variation""}"
16,Optimized ,True,4.375846,gaze_sample,"{""target"": ""room-large-variation""}"
16,Optimized ,True,4.420691,head_tracking,"{""input_type"": ""Controller"",""h"": ""31.75,2.30,7.36"",""l"": ""31.75,2.30,7.36"",""r"": ""31.75,2.30,7.36""}"
16,Optimized ,True,4.476431,gaze_sample,"{""target"": ""room-large-variation""}"
16,Optimized ,True,4.580729,gaze_sample,"{""target"": ""room-large-variation""}"
16,Optimized ,True,4.621276,head_tracking,"{""input_type"": ""Controller"",""h"": ""31.75,2.30,7.36"",""l"": ""31.75,2.30,7.36"",""r"": ""31.75,2.30,7.36""}"
16,Optimized ,True,4.68195,gaze_sample,"{""target"": ""room-large-variation""}"
16,Optimized ,True,4.788068,gaze_sample,"{""target"": ""room-large-variation""}"
16,Optimized ,True,4.823696,head_tracking,"{""input_type"": ""Controller"",""h"": ""31.75,2.30,7.36"",""l"": ""31.75,2.30,7.36"",""r"": ""31.75,2.30,7.36""}"
16,Optimized ,True,4.889966,gaze_sample,"{""target"": ""room-large-variation""}"
16,Optimized ,True,4.992812,gaze_sample,"{""target"": ""room-large-variation""}"
16,Optimized ,True,5.024704,head_tracking,"{""input_type"": ""Controller"",""h"": ""31.75,2.30,7.36"",""l"": ""31.75,2.30,7.36"",""r"": ""31.75,2.30,7.36""}"
16,Optimized ,True,5.093288,gaze_sample,"{""target"": ""room-large-variation""}"
16,Optimized ,True,5.193352,gaze_sample,"{""target"": ""room-large-variation""}"
16,Optimized ,True,5.226592,head_tracking,"{""input_type"": ""Controller"",""h"": ""31.75,2.30,7.36"",""l"": ""31.75,2.30,7.36"",""r"": ""31.75,2.30,7.36""}"
16,Optimized ,True,5.296243,gaze_sample,"{""target"": ""room-large-variation""}"
16,Optimized ,True,5.403806,gaze_sample,"{""target"": ""room-large-variation""}"
16,Optimized ,True,5.427847,head_tracking,"{""input_type"": ""Controller"",""h"": ""31.75,2.30,7.36"",""l"": ""31.75,2.30,7.36"",""r"": ""31.75,2.30,7.36""}"
16,Optimized ,True,5.50572,gaze_sample,"{""target"": ""room-large-variation""}"
16,Optimized ,True,5.608196,gaze_sample,"{""target"": ""room-large-variation""}"
16,Optimized ,True,5.629549,head_tracking,"{""input_type"": ""Controller"",""h"": ""31.75,2.30,7.36"",""l"": ""31.75,2.30,7.36"",""r"": ""31.75,2.30,7.36""}"
16,Optimized ,True,5.711616,gaze_sample,"{""target"": ""room-large-variation""}"
16,Optimized ,True,5.816914,gaze_sample,"{""target"": ""room-large-variation""}"
16,Optimized ,True,5.830055,head_tracking,"{""input_type"": ""Controller"",""h"": ""31.75,2.30,7.36"",""l"": ""31.75,2.30,7.36"",""r"": ""31.75,2.30,7.36""}"
16,Optimized ,True,5.917864,gaze_sample,"{""target"": ""room-large-variation""}"
16,Optimized ,True,6.024873,gaze_sample,"{""target"": ""room-large-variation""}"
16,Optimized ,True,6.030784,head_tracking,"{""input_type"": ""Controller"",""h"": ""31.75,2.30,7.36"",""l"": ""31.75,2.30,7.36"",""r"": ""31.75,2.30,7.36""}"
16,Optimized ,True,6.125178,gaze_sample,"{""target"": ""room-large-variation""}"
16,Optimized ,True,6.225296,gaze_sample,"{""target"": ""room-large-variation""}"
16,Optimized ,True,6.233465,head_tracking,"{""input_type"": ""Controller"",""h"": ""31.75,2.30,7.36"",""l"": ""31.75,2.30,7.36"",""r"": ""31.75,2.30,7.36""}"
16,Optimized ,True,6.330522,gaze_sample,"{""target"": ""room-large-variation""}"
16,Optimized ,True,6.433032,gaze_sample,"{""target"": ""room-large-variation""}"
16,Optimized ,True,6.435355,head_tracking,"{""input_type"": ""Controller"",""h"": ""31.75,2.30,7.36"",""l"": ""31.75,2.30,7.36"",""r"": ""31.75,2.30,7.36""}"
16,Optimized ,True,6.539424,gaze_sample,"{""target"": ""room-large-variation""}"
16,Optimized ,True,6.636652,head_tracking,"{""input_type"": ""Controller"",""h"": ""31.75,2.30,7.36"",""l"": ""31.75,2.30,7.36"",""r"": ""31.75,2.30,7.36""}"
16,Optimized ,True,6.639724,gaze_sample,"{""target"": ""room-large-variation""}"
16,Optimized ,True,6.740431,gaze_sample,"{""target"": ""room-large-variation""}"
16,Optimized ,True,6.837812,head_tracking,"{""input_type"": ""Controller"",""h"": ""31.75,2.30,7.36"",""l"": ""31.75,2.30,7.36"",""r"": ""31.75,2.30,7.36""}"
16,Optimized ,True,6.845528,gaze_sample,"{""target"": ""room-large-variation""}"
16,Optimized ,True,6.94726,gaze_sample,"{""target"": ""room-large-variation""}"
16,Optimized ,True,7.039389,head_tracking,"{""input_type"": ""Controller"",""h"": ""31.75,2.30,7.36"",""l"": ""31.75,2.30,7.36"",""r"": ""31.75,2.30,7.36""}"
16,Optimized ,True,7.052647,gaze_sample,"{""target"": ""room-large-variation""}"
16,Optimized ,True,7.155951,gaze_sample,"{""target"": ""room-large-variation""}"
16,Optimized ,True,7.23993,head_tracking,"{""input_type"": ""Controller"",""h"": ""31.75,2.30,7.36"",""l"": ""31.75,2.30,7.36"",""r"": ""31.75,2.30,7.36""}"
16,Optimized ,True,7.261604,gaze_sample,"{""target"": ""room-large-variation""}"
16,Optimized ,True,7.362543,gaze_sample,"{""target"": ""room-large-variation""}"
16,Optimized ,True,7.443815,head_tracking,"{""input_type"": ""Controller"",""h"": ""31.75,2.30,7.36"",""l"": ""31.75,2.30,7.36"",""r"": ""31.75,2.30,7.36""}"
16,Optimized ,True,7.469753,gaze_sample,"{""target"": ""room-large-variation""}"
16,Optimized ,True,7.573186,gaze_sample,"{""target"": ""room-large-variation""}"
16,Optimized ,True,7.645254,head_tracking,"{""input_type"": ""Controller"",""h"": ""31.75,2.30,7.36"",""l"": ""31.75,2.30,7.36"",""r"": ""31.75,2.30,7.36""}"
16,Optimized ,True,7.679056,gaze_sample,"{""target"": ""room-large-variation""}"
16,Optimized ,True,7.781252,gaze_sample,"{""target"": ""room-large-variation""}"
16,Optimized ,True,7.847101,head_tracking,"{""input_type"": ""Controller"",""h"": ""31.75,2.30,7.36"",""l"": ""31.75,2.30,7.36"",""r"": ""31.75,2.30,7.36""}"
16,Optimized ,True,7.885498,gaze_sample,"{""target"": ""room-large-variation""}"
16,Optimized ,True,7.986668,gaze_sample,"{""target"": ""room-large-variation""}"
16,Optimized ,True,8.052237,head_tracking,"{""input_type"": ""Controller"",""h"": ""31.75,2.30,7.36"",""l"": ""31.75,2.30,7.36"",""r"": ""31.75,2.30,7.36""}"
16,Optimized ,True,8.08734,gaze_sample,"{""target"": ""room-large-variation""}"
16,Optimized ,True,8.192935,gaze_sample,"{""target"": ""room-large-variation""}"
16,Optimized ,True,8.253575,head_tracking,"{""input_type"": ""Controller"",""h"": ""31.75,2.30,7.36"",""l"": ""31.75,2.30,7.36"",""r"": ""31.75,2.30,7.36""}"
16,Optimized ,True,8.293633,gaze_sample,"{""target"": ""room-large-variation""}"
16,Optimized ,True,8.400298,gaze_sample,"{""target"": ""room-large-variation""}"
16,Optimized ,True,8.455021,head_tracking,"{""input_type"": ""Controller"",""h"": ""31.75,2.30,7.36"",""l"": ""31.75,2.30,7.36"",""r"": ""31.75,2.30,7.36""}"
16,Optimized ,True,8.500524,gaze_sample,"{""target"": ""room-large-variation""}"
16,Optimized ,True,8.607758,gaze_sample,"{""target"": ""room-large-variation""}"
16,Optimized ,True,8.657125,head_tracking,"{""input_type"": ""Controller"",""h"": ""31.75,2.30,7.36"",""l"": ""31.75,2.30,7.36"",""r"": ""31.75,2.30,7.36""}"
16,Optimized ,True,8.709315,gaze_sample,"{""target"": ""room-large-variation""}"
16,Optimized ,True,8.811378,gaze_sample,"{""target"": ""room-large-variation""}"
16,Optimized ,True,8.857414,head_tracking,"{""input_type"": ""Controller"",""h"": ""31.75,2.30,7.36"",""l"": ""31.75,2.30,7.36"",""r"": ""31.75,2.30,7.36""}"
16,Optimized ,True,8.914548,gaze_sample,"{""target"": ""room-large-variation""}"
16,Optimized ,True,9.015047,gaze_sample,"{""target"": ""room-large-variation""}"
16,Optimized ,True,9.059204,head_tracking,"{""input_type"": ""Controller"",""h"": ""31.75,2.30,7.36"",""l"": ""31.75,2.30,7.36"",""r"": ""31.75,2.30,7.36""}"
16,Optimized ,True,9.115667,gaze_sample,"{""target"": ""room-large-variation""}"
16,Optimized ,True,9.221025,gaze_sample,"{""target"": ""room-large-variation""}"
16,Optimized ,True,9.260454,head_tracking,"{""input_type"": ""Controller"",""h"": ""31.75,2.30,7.36"",""l"": ""31.75,2.30,7.36"",""r"": ""31.75,2.30,7.36""}"
16,Optimized ,True,9.323044,gaze_sample,"{""target"": ""room-large-variation""}"
16,Optimized ,True,9.427642,gaze_sample,"{""target"": ""room-large-variation""}"
16,Optimized ,True,9.46256,head_tracking,"{""input_type"": ""Controller"",""h"": ""31.75,2.30,7.36"",""l"": ""31.75,2.30,7.36"",""r"": ""31.75,2.30,7.36""}"
16,Optimized ,True,9.528012,gaze_sample,"{""target"": ""room-large-variation""}"
16,Optimized ,True,9.628817,gaze_sample,"{""target"": ""room-large-variation""}"
16,Optimized ,True,9.663918,head_tracking,"{""input_type"": ""Controller"",""h"": ""31.75,2.30,7.36"",""l"": ""31.75,2.30,7.36"",""r"": ""31.75,2.30,7.36""}"
16,Optimized ,True,9.73393,gaze_sample,"{""target"": ""room-large-variation""}"
16,Optimized ,True,9.836867,gaze_sample,"{""target"": ""room-large-variation""}"
16,Optimized ,True,9.865671,head_tracking,"{""input_type"": ""Controller"",""h"": ""31.75,2.30,7.36"",""l"": ""31.75,2.30,7.36"",""r"": ""31.75,2.30,7.36""}"
16,Optimized ,True,9.941817,gaze_sample,"{""target"": ""room-large-variation""}"
16,Optimized ,True,10.04497,gaze_sample,"{""target"": ""room-large-variation""}"
16,Optimized ,True,10.06857,head_tracking,"{""input_type"": ""Controller"",""h"": ""31.75,2.30,7.36"",""l"": ""31.75,2.30,7.36"",""r"": ""31.75,2.30,7.36""}"
16,Optimized ,True,10.1501,gaze_sample,"{""target"": ""room-large-variation""}"
16,Optimized ,True,10.25073,gaze_sample,"{""target"": ""room-large-variation""}"
16,Optimized ,True,10.27004,head_tracking,"{""input_type"": ""Controller"",""h"": ""31.75,2.30,7.36"",""l"": ""31.75,2.30,7.36"",""r"": ""31.75,2.30,7.36""}"
16,Optimized ,True,10.35094,gaze_sample,"{""target"": ""room-large-variation""}"
16,Optimized ,True,10.45586,gaze_sample,"{""target"": ""room-large-variation""}"
16,Optimized ,True,10.47217,head_tracking,"{""input_type"": ""Controller"",""h"": ""31.75,2.30,7.36"",""l"": ""31.75,2.30,7.36"",""r"": ""31.75,2.30,7.36""}"
16,Optimized ,True,10.55597,gaze_sample,"{""target"": ""room-large-variation""}"
16,Optimized ,True,10.6574,gaze_sample,"{""target"": ""room-large-variation""}"
16,Optimized ,True,10.67768,head_tracking,"{""input_type"": ""Controller"",""h"": ""31.75,2.30,7.36"",""l"": ""31.75,2.30,7.36"",""r"": ""31.75,2.30,7.36""}"
16,Optimized ,True,10.75742,gaze_sample,"{""target"": ""room-large-variation""}"
16,Optimized ,True,10.85912,gaze_sample,"{""target"": ""room-large-variation""}"
16,Optimized ,True,10.87939,head_tracking,"{""input_type"": ""Controller"",""h"": ""31.75,2.30,7.36"",""l"": ""31.75,2.30,7.36"",""r"": ""31.75,2.30,7.36""}"
16,Optimized ,True,10.96204,gaze_sample,"{""target"": ""room-large-variation""}"
16,Optimized ,True,11.06539,gaze_sample,"{""target"": ""room-large-variation""}"
16,Optimized ,True,11.08153,head_tracking,"{""input_type"": ""Controller"",""h"": ""31.75,2.30,7.36"",""l"": ""31.75,2.30,7.36"",""r"": ""31.75,2.30,7.36""}"
16,Optimized ,True,11.16789,gaze_sample,"{""target"": ""room-large-variation""}"
16,Optimized ,True,11.27085,gaze_sample,"{""target"": ""room-large-variation""}"
16,Optimized ,True,11.28314,head_tracking,"{""input_type"": ""Controller"",""h"": ""31.75,2.30,7.36"",""l"": ""31.75,2.30,7.36"",""r"": ""31.75,2.30,7.36""}"
16,Optimized ,True,11.37233,gaze_sample,"{""target"": ""room-large-variation""}"
16,Optimized ,True,11.47277,gaze_sample,"{""target"": ""room-large-variation""}"
16,Optimized ,True,11.48667,head_tracking,"{""input_type"": ""Controller"",""h"": ""31.75,2.30,7.36"",""l"": ""31.75,2.30,7.36"",""r"": ""31.75,2.30,7.36""}"
16,Optimized ,True,11.58014,gaze_sample,"{""target"": ""room-large-variation""}"
16,Optimized ,True,11.68096,gaze_sample,"{""target"": ""room-large-variation""}"
16,Optimized ,True,11.69129,head_tracking,"{""input_type"": ""Controller"",""h"": ""31.75,2.30,7.36"",""l"": ""31.75,2.30,7.36"",""r"": ""31.75,2.30,7.36""}"
16,Optimized ,True,11.78148,gaze_sample,"{""target"": ""room-large-variation""}"
16,Optimized ,True,11.88551,gaze_sample,"{""target"": ""room-large-variation""}"
16,Optimized ,True,11.89242,head_tracking,"{""input_type"": ""Controller"",""h"": ""31.75,2.30,7.36"",""l"": ""31.75,2.30,7.36"",""r"": ""31.75,2.30,7.36""}"
16,Optimized ,True,11.9861,gaze_sample,"{""target"": ""room-large-variation""}"
16,Optimized ,True,12.08675,gaze_sample,"{""target"": ""room-large-variation""}"
16,Optimized ,True,12.09392,head_tracking,"{""input_type"": ""Controller"",""h"": ""31.75,2.30,7.36"",""l"": ""31.75,2.30,7.36"",""r"": ""31.75,2.30,7.36""}"
16,Optimized ,True,12.19102,gaze_sample,"{""target"": ""room-large-variation""}"
16,Optimized ,True,12.29265,gaze_sample,"{""target"": ""room-large-variation""}"
16,Optimized ,True,12.29633,head_tracking,"{""input_type"": ""Controller"",""h"": ""31.75,2.30,7.36"",""l"": ""31.75,2.30,7.36"",""r"": ""31.75,2.30,7.36""}"
16,Optimized ,True,12.39919,gaze_sample,"{""target"": ""room-large-variation""}"
16,Optimized ,True,12.49649,head_tracking,"{""input_type"": ""Controller"",""h"": ""31.75,2.30,7.36"",""l"": ""31.75,2.30,7.36"",""r"": ""31.75,2.30,7.36""}"
16,Optimized ,True,12.49933,gaze_sample,"{""target"": ""room-large-variation""}"
16,Optimized ,True,12.59988,gaze_sample,"{""target"": ""room-large-variation""}"
16,Optimized ,True,12.70602,head_tracking,"{""input_type"": ""Controller"",""h"": ""31.75,2.30,7.36"",""l"": ""31.75,2.30,7.36"",""r"": ""31.75,2.30,7.36""}"
16,Optimized ,True,12.70602,gaze_sample,"{""target"": ""room-large-variation""}"
16,Optimized ,True,12.80762,gaze_sample,"{""target"": ""room-large-variation""}"
16,Optimized ,True,12.90846,head_tracking,"{""input_type"": ""Controller"",""h"": ""31.75,2.30,7.36"",""l"": ""31.75,2.30,7.36"",""r"": ""31.75,2.30,7.36""}"
16,Optimized ,True,12.90846,gaze_sample,"{""target"": ""room-large-variation""}"
16,Optimized ,True,13.011,gaze_sample,"{""target"": ""room-large-variation""}"
16,Optimized ,True,13.11135,head_tracking,"{""input_type"": ""Controller"",""h"": ""31.75,2.30,7.36"",""l"": ""31.75,2.30,7.36"",""r"": ""31.75,2.30,7.36""}"
16,Optimized ,True,13.11135,gaze_sample,"{""target"": ""room-large-variation""}"
16,Optimized ,True,13.2133,gaze_sample,"{""target"": ""room-large-variation""}"
16,Optimized ,True,13.31536,head_tracking,"{""input_type"": ""Controller"",""h"": ""31.75,2.30,7.36"",""l"": ""31.75,2.30,7.36"",""r"": ""31.75,2.30,7.36""}"
16,Optimized ,True,13.31536,gaze_sample,"{""target"": ""room-large-variation""}"
16,Optimized ,True,13.41543,gaze_sample,"{""target"": ""room-large-variation""}"
16,Optimized ,True,13.51625,head_tracking,"{""input_type"": ""Controller"",""h"": ""31.75,2.30,7.36"",""l"": ""31.75,2.30,7.36"",""r"": ""31.75,2.30,7.36""}"
16,Optimized ,True,13.51625,gaze_sample,"{""target"": ""room-large-variation""}"
16,Optimized ,True,13.62184,gaze_sample,"{""target"": ""room-large-variation""}"
16,Optimized ,True,13.7182,head_tracking,"{""input_type"": ""Controller"",""h"": ""31.75,2.30,7.36"",""l"": ""31.75,2.30,7.36"",""r"": ""31.75,2.30,7.36""}"
16,Optimized ,True,13.72511,gaze_sample,"{""target"": ""room-large-variation""}"
16,Optimized ,True,13.82962,gaze_sample,"{""target"": ""room-large-variation""}"
16,Optimized ,True,13.92044,head_tracking,"{""input_type"": ""Controller"",""h"": ""31.75,2.30,7.36"",""l"": ""31.75,2.30,7.36"",""r"": ""31.75,2.30,7.36""}"
16,Optimized ,True,13.93062,gaze_sample,"{""target"": ""room-large-variation""}"
16,Optimized ,True,14.03093,gaze_sample,"{""target"": ""room-large-variation""}"
16,Optimized ,True,14.12297,head_tracking,"{""input_type"": ""Controller"",""h"": ""31.75,2.30,7.36"",""l"": ""31.75,2.30,7.36"",""r"": ""31.75,2.30,7.36""}"
16,Optimized ,True,14.1369,gaze_sample,"{""target"": ""room-large-variation""}"
16,Optimized ,True,14.23968,gaze_sample,"{""target"": ""room-large-variation""}"
16,Optimized ,True,14.57301,head_tracking,"{""input_type"": ""Controller"",""h"": ""31.75,2.30,7.36"",""l"": ""31.75,2.30,7.36"",""r"": ""31.75,2.30,7.36""}"
16,Optimized ,True,14.57301,gaze_sample,"{""target"": ""room-large-variation""}"
16,Optimized ,True,14.67469,gaze_sample,"{""target"": ""room-large-variation""}"
16,Optimized ,True,14.77369,head_tracking,"{""input_type"": ""Controller"",""h"": ""31.75,2.30,7.36"",""l"": ""31.75,2.30,7.36"",""r"": ""31.75,2.30,7.36""}"
16,Optimized ,True,14.77614,gaze_sample,"{""target"": ""room-large-variation""}"
16,Optimized ,True,14.87746,gaze_sample,"{""target"": ""room-large-variation""}"
16,Optimized ,True,14.97449,head_tracking,"{""input_type"": ""Controller"",""h"": ""31.75,2.30,7.36"",""l"": ""31.75,2.30,7.36"",""r"": ""31.75,2.30,7.36""}"
16,Optimized ,True,14.97751,gaze_sample,"{""target"": ""room-large-variation""}"
16,Optimized ,True,15.08006,gaze_sample,"{""target"": ""room-large-variation""}"
16,Optimized ,True,15.17577,head_tracking,"{""input_type"": ""Controller"",""h"": ""31.75,2.30,7.36"",""l"": ""31.75,2.30,7.36"",""r"": ""31.75,2.30,7.36""}"
16,Optimized ,True,15.18075,gaze_sample,"{""target"": ""room-large-variation""}"
16,Optimized ,True,15.28201,gaze_sample,"{""target"": ""room-large-variation""}"
16,Optimized ,True,15.37582,head_tracking,"{""input_type"": ""Controller"",""h"": ""31.75,2.30,7.36"",""l"": ""31.75,2.30,7.36"",""r"": ""31.75,2.30,7.36""}"
16,Optimized ,True,15.38333,gaze_sample,"{""target"": ""room-large-variation""}"
16,Optimized ,True,15.48432,gaze_sample,"{""target"": ""room-large-variation""}"
16,Optimized ,True,15.57796,head_tracking,"{""input_type"": ""Controller"",""h"": ""31.75,2.30,7.36"",""l"": ""31.75,2.30,7.36"",""r"": ""31.75,2.30,7.36""}"
16,Optimized ,True,15.58568,gaze_sample,"{""target"": ""room-large-variation""}"
16,Optimized ,True,15.68617,gaze_sample,"{""target"": ""room-large-variation""}"
16,Optimized ,True,15.7781,head_tracking,"{""input_type"": ""Controller"",""h"": ""31.75,2.30,7.36"",""l"": ""31.75,2.30,7.36"",""r"": ""31.75,2.30,7.36""}"
16,Optimized ,True,15.7876,gaze_sample,"{""target"": ""room-large-variation""}"
16,Optimized ,True,15.8896,gaze_sample,"{""target"": ""room-large-variation""}"
16,Optimized ,True,15.97969,head_tracking,"{""input_type"": ""Controller"",""h"": ""31.75,2.30,7.36"",""l"": ""31.75,2.30,7.36"",""r"": ""31.75,2.30,7.36""}"
16,Optimized ,True,15.99059,gaze_sample,"{""target"": ""room-large-variation""}"
16,Optimized ,True,16.09259,gaze_sample,"{""target"": ""room-large-variation""}"
16,Optimized ,True,16.18012,head_tracking,"{""input_type"": ""Controller"",""h"": ""31.75,2.30,7.36"",""l"": ""31.75,2.30,7.36"",""r"": ""31.75,2.30,7.36""}"
16,Optimized ,True,16.19362,gaze_sample,"{""target"": ""room-large-variation""}"
16,Optimized ,True,16.29412,gaze_sample,"{""target"": ""room-large-variation""}"
16,Optimized ,True,16.3817,head_tracking,"{""input_type"": ""Controller"",""h"": ""31.75,2.30,7.36"",""l"": ""31.75,2.30,7.36"",""r"": ""31.75,2.30,7.36""}"
16,Optimized ,True,16.39524,gaze_sample,"{""target"": ""room-large-variation""}"
16,Optimized ,True,16.49626,gaze_sample,"{""target"": ""room-large-variation""}"
16,Optimized ,True,16.58204,head_tracking,"{""input_type"": ""Controller"",""h"": ""31.75,2.30,7.36"",""l"": ""31.75,2.30,7.36"",""r"": ""31.75,2.30,7.36""}"
16,Optimized ,True,16.59773,gaze_sample,"{""target"": ""room-large-variation""}"
16,Optimized ,True,16.69973,gaze_sample,"{""target"": ""room-large-variation""}"
16,Optimized ,True,16.78389,head_tracking,"{""input_type"": ""Controller"",""h"": ""31.75,2.30,7.36"",""l"": ""31.75,2.30,7.36"",""r"": ""31.75,2.30,7.36""}"
16,Optimized ,True,16.80087,gaze_sample,"{""target"": ""room-large-variation""}"
16,Optimized ,True,16.90174,gaze_sample,"{""target"": ""room-large-variation""}"
16,Optimized ,True,16.98566,head_tracking,"{""input_type"": ""Controller"",""h"": ""31.75,2.30,7.36"",""l"": ""31.75,2.30,7.36"",""r"": ""31.75,2.30,7.36""}"
16,Optimized ,True,17.00326,gaze_sample,"{""target"": ""room-large-variation""}"
16,Optimized ,True,17.10471,gaze_sample,"{""target"": ""room-large-variation""}"
16,Optimized ,True,17.18568,head_tracking,"{""input_type"": ""Controller"",""h"": ""31.75,2.30,7.36"",""l"": ""31.75,2.30,7.36"",""r"": ""31.75,2.30,7.36""}"
16,Optimized ,True,17.2064,gaze_sample,"{""target"": ""room-large-variation""}"
16,Optimized ,True,17.30686,gaze_sample,"{""target"": ""room-large-variation""}"
16,Optimized ,True,17.3862,head_tracking,"{""input_type"": ""Controller"",""h"": ""31.75,2.30,7.36"",""l"": ""31.75,2.30,7.36"",""r"": ""31.75,2.30,7.36""}"
16,Optimized ,True,17.40861,gaze_sample,"{""target"": ""room-large-variation""}"
16,Optimized ,True,17.51051,gaze_sample,"{""target"": ""room-large-variation""}"
16,Optimized ,True,17.58782,head_tracking,"{""input_type"": ""Controller"",""h"": ""31.75,2.30,7.36"",""l"": ""31.75,2.30,7.36"",""r"": ""31.75,2.30,7.36""}"
16,Optimized ,True,17.61146,gaze_sample,"{""target"": ""room-large-variation""}"
16,Optimized ,True,17.71157,gaze_sample,"{""target"": ""room-large-variation""}"
16,Optimized ,True,17.78942,head_tracking,"{""input_type"": ""Controller"",""h"": ""31.75,2.30,7.36"",""l"": ""31.75,2.30,7.36"",""r"": ""31.75,2.30,7.36""}"
16,Optimized ,True,17.81288,gaze_sample,"{""target"": ""room-large-variation""}"
16,Optimized ,True,17.91367,gaze_sample,"{""target"": ""room-large-variation""}"
16,Optimized ,True,17.98987,head_tracking,"{""input_type"": ""Controller"",""h"": ""31.75,2.30,7.36"",""l"": ""31.75,2.30,7.36"",""r"": ""31.75,2.30,7.36""}"
16,Optimized ,True,18.0143,gaze_sample,"{""target"": ""room-large-variation""}"
16,Optimized ,True,18.11628,gaze_sample,"{""target"": ""room-large-variation""}"
16,Optimized ,True,18.19032,head_tracking,"{""input_type"": ""Controller"",""h"": ""31.75,2.30,7.36"",""l"": ""31.75,2.30,7.36"",""r"": ""31.75,2.30,7.36""}"
16,Optimized ,True,18.21764,gaze_sample,"{""target"": ""room-large-variation""}"
16,Optimized ,True,18.31812,gaze_sample,"{""target"": ""room-large-variation""}"
16,Optimized ,True,18.39034,head_tracking,"{""input_type"": ""Controller"",""h"": ""31.75,2.30,7.36"",""l"": ""31.75,2.30,7.36"",""r"": ""31.75,2.30,7.36""}"
16,Optimized ,True,18.41872,gaze_sample,"{""target"": ""room-large-variation""}"
16,Optimized ,True,18.52081,gaze_sample,"{""target"": ""room-large-variation""}"
16,Optimized ,True,18.59188,head_tracking,"{""input_type"": ""Controller"",""h"": ""31.75,2.30,7.36"",""l"": ""31.75,2.30,7.36"",""r"": ""31.75,2.30,7.36""}"
16,Optimized ,True,18.62349,gaze_sample,"{""target"": ""room-large-variation""}"
16,Optimized ,True,18.72586,gaze_sample,"{""target"": ""room-large-variation""}"
16,Optimized ,True,18.79317,head_tracking,"{""input_type"": ""Controller"",""h"": ""31.75,2.30,7.36"",""l"": ""31.75,2.30,7.36"",""r"": ""31.75,2.30,7.36""}"
16,Optimized ,True,18.82833,gaze_sample,"{""target"": ""room-large-variation""}"
16,Optimized ,True,18.93046,gaze_sample,"{""target"": ""room-large-variation""}"
16,Optimized ,True,18.99442,head_tracking,"{""input_type"": ""Controller"",""h"": ""31.75,2.30,7.36"",""l"": ""31.75,2.30,7.36"",""r"": ""31.75,2.30,7.36""}"
16,Optimized ,True,19.0307,gaze_sample,"{""target"": ""room-large-variation""}"
16,Optimized ,True,19.13197,gaze_sample,"{""target"": ""room-large-variation""}"
16,Optimized ,True,19.19576,head_tracking,"{""input_type"": ""Controller"",""h"": ""31.75,2.30,7.36"",""l"": ""31.75,2.30,7.36"",""r"": ""31.75,2.30,7.36""}"
16,Optimized ,True,19.23382,gaze_sample,"{""target"": ""room-large-variation""}"
16,Optimized ,True,19.33691,gaze_sample,"{""target"": ""room-large-variation""}"
16,Optimized ,True,19.39766,head_tracking,"{""input_type"": ""Controller"",""h"": ""31.75,2.30,7.36"",""l"": ""31.75,2.30,7.36"",""r"": ""31.75,2.30,7.36""}"
16,Optimized ,True,19.43755,gaze_sample,"{""target"": ""room-large-variation""}"
16,Optimized ,True,19.53833,gaze_sample,"{""target"": ""room-large-variation""}"
16,Optimized ,True,19.59895,head_tracking,"{""input_type"": ""Controller"",""h"": ""31.75,2.30,7.36"",""l"": ""31.75,2.30,7.36"",""r"": ""31.75,2.30,7.36""}"
16,Optimized ,True,19.63885,gaze_sample,"{""target"": ""room-large-variation""}"
16,Optimized ,True,19.74025,gaze_sample,"{""target"": ""room-large-variation""}"
16,Optimized ,True,19.79951,head_tracking,"{""input_type"": ""Controller"",""h"": ""31.75,2.30,7.36"",""l"": ""31.75,2.30,7.36"",""r"": ""31.75,2.30,7.36""}"
16,Optimized ,True,19.84068,gaze_sample,"{""target"": ""room-large-variation""}"
